Bondpad Num,Bondpad Name,Pkg/Finger Num,Pkg Pin Name,Pkg Pin Num,Pkg ID
1,pc_left<0>,,,,
2,pc_left<1>,,,,
3,pc_left<2>,,,,
4,pc_left<3>,,,,
5,pc_left<4>,,,,
6,pc_left<5>,,,,
7,pc_left<6>,,,,
8,pc_left<7>,,,,
9,pc_left<8>,,,,
10,pc_left<9>,,,,
11,pc_left<10>,,,,
12,pc_left<11>,,,,
13,tio_col_0,,,,
14,tio_col_1,,,,
15,tio_col_2,,,,
16,spare_t_0,,,,
17,tio_col_3,,,,
18,tio_col_4,,,,
19,tio_col_5,,,,
20,spare_t_1,,,,
21,tio_col_6,,,,
22,tio_col_7,,,,
23,tio_col_8,,,,
24,spare_t_2,,,,
25,tio_col_9,,,,
26,tio_col_10,,,,
27,tio_col_11,,,,
28,spare_t_3,,,,
29,tio_col_12,,,,
30,tio_col_13,,,,
31,tio_col_14,,,,
32,spare_t_4,,,,
33,tio_col_15,,,,
34,tio_col_16,,,,
35,tio_col_17,,,,
36,spare_t_5,,,,
37,tio_col_18,,,,
38,tio_col_19,,,,
39,tio_col_20,,,,
40,spare_t_6,,,,
41,tio_col_21,,,,
42,tio_col_22,,,,
43,tio_col_23,,,,
44,spare_t_7,,,,
45,tio_col_24,,,,
46,tio_col_25,,,,
47,tio_col_26,,,,
48,spare_t_8,,,,
49,tio_col_27,,,,
50,tio_col_28,,,,
51,tio_col_29,,,,
52,spare_t_9,,,,
53,tio_col_30,,,,
54,tio_col_31,,,,
55,tio_col_32,,,,
56,spare_t_10,,,,
57,pc_right<0>,,,,
58,pc_right<1>,,,,
59,pc_right<2>,,,,
60,pc_right<3>,,,,
61,pc_right<4>,,,,
62,pc_right<5>,,,,
63,pc_right<6>,,,,
64,pc_right<7>,,,,
65,pc_right<8>,,,,
66,pc_right<9>,,,,
67,pc_right<10>,,,,
68,pc_right<11>,,,,
69,v1p4_tg,,,,
70,tio_rm_r_31,,,,
71,vrail2,,,,
72,tio_rm_r_30,,,,
73,vrail1,,,,
74,tio_rm_r_29,,,,
75,vddio,,,,
76,tio_rm_r_28,,,,
77,vss,,,,
78,tio_rm_r_27,,,,
79,spare_lt_r_5,,,,
80,tio_rm_r_26,,,,
81,padio_r_5,,,,
82,tio_rm_r_25,,,,
83,tio_lt_r_5,,,,
84,tio_rm_r_24,,,,
85,spare_r_5,,,,
86,tio_rm_r_23,,,,
87,spare_lt_r_4,,,,
88,tio_rm_r_22,,,,
89,padio_r_4,,,,
90,tio_rm_r_21,,,,
91,tio_lt_r_4,,,,
92,tio_rm_r_20,,,,
93,spare_r_4,,,,
94,tio_rm_r_19,,,,
95,spare_lt_r_3,,,,
96,tio_rm_r_18,,,,
97,padio_r_3,,,,
98,tio_rm_r_17,,,,
99,tio_lt_r_3,,,,
100,tio_rm_r_16,,,,
101,spare_r_3,,,,
102,tio_rm_r_15,,,,
103,spare_lt_r_2,,,,
104,tio_rm_r_14,,,,
105,padio_r_2,,,,
106,tio_rm_r_13,,,,
107,tio_lt_r_2,,,,
108,tio_rm_r_12,,,,
109,spare_r_2,,,,
110,tio_rm_r_11,,,,
111,spare_lt_r_1,,,,
112,tio_rm_r_10,,,,
113,padio_r_1,,,,
114,tio_rm_r_9,,,,
115,tio_lt_r_1,,,,
116,tio_rm_r_8,,,,
117,spare_r_1,,,,
118,tio_rm_r_7,,,,
119,spare_lt_r_0,,,,
120,tio_rm_r_6,,,,
121,padio_r_0,,,,
122,tio_rm_r_5,,,,
123,tio_lt_r_0,,,,
124,tio_rm_r_4,,,,
125,spare_r_0,,,,
126,tio_rm_r_3,,,,
127,vrail2,,,,
128,tio_rm_r_2,,,,
129,vrail1,,,,
130,tio_rm_r_1,,,,
131,vddio,,,,
132,tio_rm_r_0,,,,
133,vss,,,,
134,fast_sda,,,,
135,fast_scl,,,,
136,pkbyp,,,,
137,v1p2_scr,,,,
138,ext_resetb,,,,
139,vrail1,,,,
140,ext_resetiob,,,,
141,vss,,,,
142,sbusbyp,,,,
143,ext_sbus_bctl<0>,,,,
144,fast_sclk,,,,
145,ext_sbus_bctl<1>,,,,
146,fast_cs,,,,
147,ext_sbus_bctl<2>,,,,
148,fast_mosi,,,,
149,ext_sbus_bctl<3>,,,,
150,fast_miso,,,,
151,v1p2_fc,,,,
152,test_mode_en,,,,
153,vddio_sw,,,,
154,sys_rbus<0>,,,,
155,vss,,,,
156,sys_rbus<1>,,,,
157,sys_rbus<2>,,,,
158,tck,,,,
159,sys_rbus<3>,,,,
160,tdi,,,,
161,sys_rbus<4>,,,,
162,tdo,,,,
163,tms,,,,
164,sys_rbus<5>,,,,
165,sys_rbus<6>,,,,
166,sys_rbus<7>,,,,
167,v18d,,,,
168,vss,,,,
169,spare_b_11,,,,
170,spare_b_10,,,,
171,led3_isink,,,,
172,spare_b_9,,,,
173,spare_b_8,,,,
174,led2_isink,,,,
175,led1_isink,,,,
176,spare_b_7,,,,
177,spare_b_6,,,,
178,vss,,,,
179,vrail3_out,,,,
180,vddio_rail,,,,
181,spare_b_5,,,,
182,spare_b_4,,,,
183,vss,,,,
184,vrail2_out,,,,
185,vddio_rail,,,,
186,spare_b_3,,,,
187,spare_b_2,,,,
188,vss,,,,
189,vrail1_out,,,,
190,vddio_rail,,,,
191,vsense,,,,
192,spare_b_1,,,,
193,spare_b_0,,,,
194,vddio,,,,
195,vddio,,,,
196,vss,,,,
197,dmux_3p3,,,,
198,amux_3p3,,,,
199,pon_strap_3p3,,,,
200,lfosc_bias<0>,,,,
201,lfosc_bias<1>,,,,
202,on_timer_enb,,,,
203,mcu_poff_enb,,,,
204,bootcfg_byp,,,,
205,extclk_en,,,,
206,lf_extclk_en,,,,
207,tsd_enb,,,,
208,lf_extclk,,,,
209,extclk,,,,
210,fast_rdy,,,,
211,pwr_clk_rdy,,,,
212,vss,,,,
213,v1p4_tg,,,,
214,v1p2_tg,,,,
215,vddio,,,,
216,vddana,,,,
217,vmax_bst,,,,
218,fast_en_l,,,,
219,vmax2,,,,
220,vss,,,,
221,vddio_bst,,,,
222,pgnd,,,,
223,VX,,,,
224,VX,,,,
225,pgnd,,,,
226,pgnd_sense,,,,
227,boost_out,,,,
228,boost_out,,,,
229,vss,,,,
230,pvddio_bst,,,,
231,vbatL,,,,
232,vbatL,,,,
233,vbatL_sw,,,,
234,vbatL_sw,,,,
235,vint3,,,,
236,vss,,,,
237,hvldo_out,,,,
238,hvldo_out,,,,
239,fast_en_h,,,,
240,vbatH,,,,
241,vbatH,,,,
242,ulpm_wake,,,,
243,vss,,,,
244,tio_rm_l_0,,,,
245,vddio,,,,
246,tio_rm_l_1,,,,
247,vrail1,,,,
248,tio_rm_l_2,,,,
249,vrail2,,,,
250,tio_rm_l_3,,,,
251,spare_l_0,,,,
252,tio_rm_l_4,,,,
253,spare_lt_l_0,,,,
254,tio_rm_l_5,,,,
255,padio_l_0,,,,
256,tio_rm_l_6,,,,
257,tio_lt_l_0,,,,
258,tio_rm_l_7,,,,
259,spare_l_1,,,,
260,tio_rm_l_8,,,,
261,spare_lt_l_1,,,,
262,tio_rm_l_9,,,,
263,padio_l_1,,,,
264,tio_rm_l_10,,,,
265,tio_lt_l_1,,,,
266,tio_rm_l_11,,,,
267,spare_l_2,,,,
268,tio_rm_l_12,,,,
269,spare_lt_l_2,,,,
270,tio_rm_l_13,,,,
271,padio_l_2,,,,
272,tio_rm_l_14,,,,
273,tio_lt_l_2,,,,
274,tio_rm_l_15,,,,
275,spare_l_3,,,,
276,tio_rm_l_16,,,,
277,spare_lt_l_3,,,,
278,tio_rm_l_17,,,,
279,padio_l_3,,,,
280,tio_rm_l_18,,,,
281,tio_lt_l_3,,,,
282,tio_rm_l_19,,,,
283,spare_l_4,,,,
284,tio_rm_l_20,,,,
285,spare_lt_l_4,,,,
286,tio_rm_l_21,,,,
287,padio_l_4,,,,
288,tio_rm_l_22,,,,
289,tio_lt_l_4,,,,
290,tio_rm_l_23,,,,
291,spare_l_5,,,,
292,tio_rm_l_24,,,,
293,spare_lt_l_5,,,,
294,tio_rm_l_25,,,,
295,padio_l_5,,,,
296,tio_rm_l_26,,,,
297,tio_lt_l_5,,,,
298,tio_rm_l_27,,,,
299,vss,,,,
300,tio_rm_l_28,,,,
301,vddio,,,,
302,tio_rm_l_29,,,,
303,vrail1,,,,
304,tio_rm_l_30,,,,
305,vrail2,,,,
306,tio_rm_l_31,,,,
307,v1p2_tg,,,,
1,pc_left<0>,,,,
2,pc_left<1>,,,,
3,pc_left<2>,,,,
4,pc_left<3>,,,,
5,pc_left<4>,,,,
6,pc_left<5>,,,,
7,pc_left<6>,,,,
8,pc_left<7>,,,,
9,pc_left<8>,,,,
10,pc_left<9>,,,,
11,pc_left<10>,,,,
12,pc_left<11>,,,,
13,tio_col_0,100,,,4
14,tio_col_1,99,,,4
15,tio_col_2,,,,
16,spare_t_0,98,,,4
17,tio_col_3,,,,
18,tio_col_4,,,,
19,tio_col_5,,,,
20,spare_t_1,97,,,4
21,tio_col_6,,,,
22,tio_col_7,,,,
23,tio_col_8,96,,,4
24,spare_t_2,95,,,4
25,tio_col_9,94,,,4
26,tio_col_10,93,,,4
27,tio_col_11,92,,,4
28,spare_t_3,91,,,4
29,tio_col_12,90,,,4
30,tio_col_13,89,,,4
31,tio_col_14,88,,,4
32,spare_t_4,87,,,4
33,tio_col_15,86,,,4
34,tio_col_16,,,,
35,tio_col_17,85,,,4
36,spare_t_5,84,,,4
37,tio_col_18,83,,,4
38,tio_col_19,,,,
39,tio_col_20,,,,
40,spare_t_6,82,,,4
41,tio_col_21,,,,
42,tio_col_22,,,,
43,tio_col_23,,,,
44,spare_t_7,81,,,4
45,tio_col_24,80,,,4
46,tio_col_25,79,,,4
47,tio_col_26,,,,
48,spare_t_8,78,,,4
49,tio_col_27,,,,
50,tio_col_28,,,,
51,tio_col_29,,,,
52,spare_t_9,77,,,4
53,tio_col_30,,,,
54,tio_col_31,76,,,4
55,tio_col_32,,,,
56,spare_t_10,,,,
57,pc_right<0>,,,,
58,pc_right<1>,,,,
59,pc_right<2>,,,,
60,pc_right<3>,,,,
61,pc_right<4>,,,,
62,pc_right<5>,,,,
63,pc_right<6>,,,,
64,pc_right<7>,,,,
65,pc_right<8>,,,,
66,pc_right<9>,,,,
67,pc_right<10>,,,,
68,pc_right<11>,,,,
69,v1p4_tg,,,,
70,tio_rm_r_31,,,,
71,vrail2,75,,,4
72,tio_rm_r_30,,,,
73,vrail1,74,,,4
74,tio_rm_r_29,,,,
75,vddio,,,,
76,tio_rm_r_28,,,,
77,vss,,,,
78,tio_rm_r_27,,,,
79,spare_lt_r_5,,,,
80,tio_rm_r_26,,,,
81,padio_r_5,,,,
82,tio_rm_r_25,,,,
83,tio_lt_r_5,,,,
84,tio_rm_r_24,73,,,4
85,spare_r_5,,,,
86,tio_rm_r_23,,,,
87,spare_lt_r_4,,,,
88,tio_rm_r_22,72,,,4
89,padio_r_4,,,,
90,tio_rm_r_21,,,,
91,tio_lt_r_4,,,,
92,tio_rm_r_20,,,,
93,spare_r_4,,,,
94,tio_rm_r_19,,,,
95,spare_lt_r_3,,,,
96,tio_rm_r_18,,,,
97,padio_r_3,,,,
98,tio_rm_r_17,,,,
99,tio_lt_r_3,,,,
100,tio_rm_r_16,,,,
101,spare_r_3,,,,
102,tio_rm_r_15,,,,
103,spare_lt_r_2,,,,
104,tio_rm_r_14,,,,
105,padio_r_2,,,,
106,tio_rm_r_13,,,,
107,tio_lt_r_2,,,,
108,tio_rm_r_12,,,,
109,spare_r_2,71,,,4
110,tio_rm_r_11,,,,
111,spare_lt_r_1,70,,,4
112,tio_rm_r_10,,,,
113,padio_r_1,,,,
114,tio_rm_r_9,,,,
115,tio_lt_r_1,,,,
116,tio_rm_r_8,69,,,4
117,spare_r_1,,,,
118,tio_rm_r_7,,,,
119,spare_lt_r_0,68,,,4
120,tio_rm_r_6,67,,,4
121,padio_r_0,,,,
122,tio_rm_r_5,,,,
123,tio_lt_r_0,,,,
124,tio_rm_r_4,66,,,4
125,spare_r_0,65,,,4
126,tio_rm_r_3,,,,
127,vrail2,64,,,4
128,tio_rm_r_2,,,,
129,vrail1,63,,,4
130,tio_rm_r_1,,,,
131,vddio,,,,
132,tio_rm_r_0,,,,
133,vss,,,,
134,fast_sda,62,,,4
135,fast_scl,61,,,4
136,pkbyp,60,,,4
137,v1p2_scr,,,,
138,ext_resetb,,,,
139,vrail1,,,,
140,ext_resetiob,,,,
141,vss,,,,
142,sbusbyp,,,,
143,ext_sbus_bctl<0>,,,,
144,fast_sclk,59,,,4
145,ext_sbus_bctl<1>,,,,
146,fast_cs,58,,,4
147,ext_sbus_bctl<2>,,,,
148,fast_mosi,57,,,4
149,ext_sbus_bctl<3>,,,,
150,fast_miso,56,,,4
151,v1p2_fc,,,,
152,test_mode_en,,,,
153,vddio_sw,55,,,4
154,sys_rbus<0>,,,,
155,vss,,,,
156,sys_rbus<1>,,,,
157,sys_rbus<2>,,,,
158,tck,54,,,4
159,sys_rbus<3>,,,,
160,tdi,53,,,4
161,sys_rbus<4>,,,,
162,tdo,52,,,4
163,tms,51,,,4
164,sys_rbus<5>,,,,
165,sys_rbus<6>,,,,
166,sys_rbus<7>,,,,
167,v18d,,,,
168,vss,,,,
169,spare_b_11,50,,,4
170,spare_b_10,49,,,4
171,led3_isink,48,,,4
172,spare_b_9,47,,,4
173,spare_b_8,,,,
174,led2_isink,46,,,4
175,led1_isink,45,,,4
176,spare_b_7,44,,,4
177,spare_b_6,,,,
178,vss,,,,
179,vrail3_out,43,,,4
180,vddio_rail,,,,
181,spare_b_5,42,,,4
182,spare_b_4,,,,
183,vss,,,,
184,vrail2_out,41,,,4
185,vddio_rail,40,,,4
186,spare_b_3,,,,
187,spare_b_2,39,,,4
188,vss,,,,
189,vrail1_out,38,,,4
190,vddio_rail,,,,
191,vsense,37,,,4
192,spare_b_1,36,,,4
193,spare_b_0,35,,,4
194,vddio,34,,,4
195,vddio,34,,,4
196,vss,,,,
197,dmux_3p3,33,,,4
198,amux_3p3,32,,,4
199,pon_strap_3p3,,,,
200,lfosc_bias<0>,,,,
201,lfosc_bias<1>,,,,
202,on_timer_enb,,,,
203,mcu_poff_enb,,,,
204,bootcfg_byp,31,,,4
205,extclk_en,,,,
206,lf_extclk_en,,,,
207,tsd_enb,,,,
208,lf_extclk,,,,
209,extclk,,,,
210,fast_rdy,30,,,4
211,pwr_clk_rdy,29,,,4
212,vss,,,,
213,v1p4_tg,,,,
214,v1p2_tg,,,,
215,vddio,,,,
216,vddana,28,,,4
217,vmax_bst,,,,
218,fast_en_l,27,,,4
219,vmax2,,,,
220,vss,,,,
221,vddio_bst,26,,,4
222,pgnd,25,,,4
223,VX,24,,,4
224,VX,24,,,4
225,pgnd,25,,,4
226,pgnd_sense,,,,
227,boost_out,23,,,4
228,boost_out,23,,,4
229,vss,,,,
230,pvddio_bst,22,,,4
231,vbatL,21,,,4
232,vbatL,21,,,4
233,vbatL_sw,20,,,4
234,vbatL_sw,20,,,4
235,vint3,,,,
236,vss,,,,
237,hvldo_out,19,,,4
238,hvldo_out,19,,,4
239,fast_en_h,18,,,4
240,vbatH,17,,,4
241,vbatH,17,,,4
242,ulpm_wake,16,,,4
243,vss,,,,
244,tio_rm_l_0,,,,
245,vddio,15,,,4
246,tio_rm_l_1,,,,
247,vrail1,,,,
248,tio_rm_l_2,,,,
249,vrail2,,,,
250,tio_rm_l_3,,,,
251,spare_l_0,,,,
252,tio_rm_l_4,,,,
253,spare_lt_l_0,,,,
254,tio_rm_l_5,,,,
255,padio_l_0,,,,
256,tio_rm_l_6,,,,
257,tio_lt_l_0,14,,,4
258,tio_rm_l_7,,,,
259,spare_l_1,,,,
260,tio_rm_l_8,,,,
261,spare_lt_l_1,,,,
262,tio_rm_l_9,,,,
263,padio_l_1,,,,
264,tio_rm_l_10,,,,
265,tio_lt_l_1,13,,,4
266,tio_rm_l_11,,,,
267,spare_l_2,,,,
268,tio_rm_l_12,,,,
269,spare_lt_l_2,,,,
270,tio_rm_l_13,,,,
271,padio_l_2,,,,
272,tio_rm_l_14,,,,
273,tio_lt_l_2,12,,,4
274,tio_rm_l_15,,,,
275,spare_l_3,11,,,4
276,tio_rm_l_16,,,,
277,spare_lt_l_3,10,,,4
278,tio_rm_l_17,,,,
279,padio_l_3,,,,
280,tio_rm_l_18,9,,,4
281,tio_lt_l_3,,,,
282,tio_rm_l_19,,,,
283,spare_l_4,8,,,4
284,tio_rm_l_20,,,,
285,spare_lt_l_4,7,,,4
286,tio_rm_l_21,,,,
287,padio_l_4,,,,
288,tio_rm_l_22,6,,,4
289,tio_lt_l_4,,,,
290,tio_rm_l_23,,,,
291,spare_l_5,5,,,4
292,tio_rm_l_24,,,,
293,spare_lt_l_5,,,,
294,tio_rm_l_25,,,,
295,padio_l_5,,,,
296,tio_rm_l_26,,,,
297,tio_lt_l_5,4,,,4
298,tio_rm_l_27,,,,
299,vss,,,,
300,tio_rm_l_28,,,,
301,vddio,3,,,4
302,tio_rm_l_29,,,,
303,vrail1,2,,,4
304,tio_rm_l_30,,,,
305,vrail2,1,,,4
306,tio_rm_l_31,,,,
307,v1p2_tg,,,,
