MPN,CID,PNAME,Custom PNAME,Actual PNUM,PNUM,sigt,UBUMPID,CANVAS_UBUMPID,rdir,rval,netname,preset_net,series net,preset series net,type,net_io_type,series_type,BUMPID,bondpad,bondpad ID,sys_chip_id,OTG col,OTG row,value,rpriority,driver,col,net_io_id,port_net_io_id,rdl_net_io_id,route,series_route
SIT1552,U1,gnd,,4,4,V,,174,,,,false,,false,,,,1583,,,27227,,,,,0,,425977,,,,
SIT1552,U1,vdd,,3,3,V,,175,,,,false,,false,,,,1582,,,27227,,,,,0,,425978,,,,
SIT1552,U1,gnd,,1,1,V,,176,,,,false,,false,,,,1580,,,27227,,,,,0,,425979,,,,
SIT1552,U1,clk_out,,2,2,DO,,177,,,,false,,false,,,,1581,,,27227,,,,,0,,425980,,,,
MAX86140,U23,vref,,B5,B5,A,,178,,,,false,,false,,,,1152,,,27228,,,,,0,,425981,,,,
MAX86140,U23,sclk,,A2,A2,DI,,179,,,,false,,false,,,,1144,,,27228,,,,,0,,425982,,,,
MAX86140,U23,gpio2,,B4,B4,DIO,,180,,,,false,,false,,,,1151,,,27228,,,,,0,,425983,,,,
MAX86140,U23,led1_drv,,D1,D1,A,,181,,,,false,,false,,,,1158,,,27228,,,,,0,,425984,,,,
MAX86140,U23,/int,,B2,B2,DO,,182,,,,false,,false,,,,1149,,,27228,,,,,0,,425985,,,,
MAX86140,U23,gpio1,,B3,B3,DIO,,183,,,,false,,false,,,,1150,,,27228,,,,,0,,425986,,,,
MAX86140,U23,sdi,,A4,A4,DI,,184,,,,false,,false,,,,1146,,,27228,,,,,0,,425987,,,,
MAX86140,U23,csb,,A5,A5,DI,,185,,,,false,,false,,,,1147,,,27228,,,,,0,,425988,,,,
MAX86140,U23,vdd_dig,,C2,C2,V,,186,,,,false,,false,,,,1154,,,27228,,,,,0,,425989,,,,
MAX86140,U23,led3_drv,,B1,B1,A,,187,,,,false,,false,,,,1148,,,27228,,,,,0,,425990,,,,
MAX86140,U23,pd_gnd,,C5,C5,V,,188,,,,false,,false,,,,1157,,,27228,,,,,0,,425991,,,,
MAX86140,U23,sdo,,A3,A3,DO,,189,,,,false,,false,,,,1145,,,27228,,,,,0,,425992,,,,
MAX86140,U23,led2_drv,,C1,C1,A,,190,,,,false,,false,,,,1153,,,27228,,,,,0,,425993,,,,
MAX86140,U23,pgnd,,D3,D3,V,,191,,,,false,,false,,,,1160,,,27228,,,,,0,,425994,,,,
MAX86140,U23,vdd_ana,,D2,D2,V,,192,,,,false,,false,,,,1159,,,27228,,,,,0,,425995,,,,
MAX86140,U23,pd1_in,,D5,D5,A,,193,,,,false,,false,,,,1162,,,27228,,,,,0,,425996,,,,
MAX86140,U23,vled,,A1,A1,V,,194,,,,false,,false,,,,1143,,,27228,,,,,0,,425997,,,,
MAX86140,U23,n.c,,D4,D4,N/A,,195,,,,false,,false,,,,1161,,,27228,,,,,0,,425998,,,,
MAX86140,U23,gnd_ana,,C4,C4,V,,196,,,,false,,false,,,,1156,,,27228,,,,,0,,425999,,,,
MAX86140,U23,gnd_dig,,C3,C3,V,,197,,,,false,,false,,,,1155,,,27228,,,,,0,,426000,,,,
